{
	"gateway": {
		"name": "reference-gateway-windows",
		"version": "1.0.0",
		"description": "This is the first microgateway app",
		"configurations": [],
		"triggers": [
			{
				"name": "rest_trigger",
				"description": "The trigger on 'pets' endpoint",
				"type": "github.com/TIBCOSoftware/flogo-contrib/trigger/rest",
				"settings": {
					"port": "9096",
					"method": "GET",
					"path": "/pets/:petId"
				}
			}
		],
		"event_handlers": [
			{
				"name": "get_pet_success_handler",
				"description": "Handle the user access",
				"reference": "github.com/TIBCOSoftware/mashling-lib/flow/flogo.json",
				"params": {
					"uri": "petstore.swagger.io/v2/pet/3"
				}
			}
		],
		"event_links": [
			{
				"triggers": [
					"rest_trigger"
				],
				"dispatches": [
					{
						"if": "trigger.content != undefined",
						"handler": "get_pet_success_handler"
					}
				]
			}
		]
	}
}