{
	"name": "kafka-conditional-gateway-linux",
	"type": "flogo:app",
	"version": "1.0.0",
	"description": "This is the kafka based microgateway app",
	"properties": null,
	"triggers": [
		{
			"name": "users_trigger",
			"id": "users_trigger",
			"ref": "github.com/aambhaik/kafkasubv2",
			"settings": {
				"BrokerUrl": "localhost:9092"
			},
			"outputs": null,
			"handlers": [
				{
					"actionId": "usa_users_topic_handler",
					"settings": {
						"Condition": "${trigger.content.country == USA}",
						"Topic": "users"
					},
					"outputs": null
				},
				{
					"actionId": "asia_users_topic_handler",
					"settings": {
						"Condition": "${trigger.content.country in (IND,CHN,JPN)}",
						"Topic": "users"
					},
					"outputs": null
				}
			],
			"endpoints": null
		}
	],
	"actions": [
		{
			"id": "usa_users_topic_handler",
			"ref": "github.com/TIBCOSoftware/flogo-contrib/action/flow",
			"data": {
				"flow": {
					"type": 1,
					"attributes": [],
					"rootTask": {
						"id": 1,
						"type": 1,
						"tasks": [
							{
								"id": 2,
								"name": "Log Message",
								"description": "Simple Log Activity",
								"type": 1,
								"activityType": "tibco-log",
								"activityRef": "github.com/TIBCOSoftware/flogo-contrib/activity/log",
								"attributes": [
									{
										"name": "message",
										"value": "",
										"required": false,
										"type": "string"
									},
									{
										"name": "flowInfo",
										"value": "false",
										"required": false,
										"type": "boolean"
									},
									{
										"name": "addToFlow",
										"value": "false",
										"required": false,
										"type": "boolean"
									}
								],
								"inputMappings": [
									{
										"type": 1,
										"value": "{T.message}",
										"mapTo": "message"
									}
								]
							}
						],
						"links": [],
						"attributes": []
					}
				}
			}
		},
		{
			"id": "asia_users_topic_handler",
			"ref": "github.com/TIBCOSoftware/flogo-contrib/action/flow",
			"data": {
				"flow": {
					"type": 1,
					"attributes": [],
					"rootTask": {
						"id": 1,
						"type": 1,
						"tasks": [
							{
								"id": 2,
								"name": "Log Message",
								"description": "Simple Log Activity",
								"type": 1,
								"activityType": "tibco-log",
								"activityRef": "github.com/TIBCOSoftware/flogo-contrib/activity/log",
								"attributes": [
									{
										"name": "message",
										"value": "",
										"required": false,
										"type": "string"
									},
									{
										"name": "flowInfo",
										"value": "false",
										"required": false,
										"type": "boolean"
									},
									{
										"name": "addToFlow",
										"value": "false",
										"required": false,
										"type": "boolean"
									}
								],
								"inputMappings": [
									{
										"type": 1,
										"value": "{T.message}",
										"mapTo": "message"
									}
								]
							}
						],
						"links": [],
						"attributes": []
					}
				}
			}
		}
	]
}