{
	"name": "inline-gateway-windows",
	"type": "flogo:app",
	"version": "1.0.0",
	"description": "This is the first microgateway app",
	"properties": null,
	"triggers": [
		{
			"name": "OrdersTrigger",
			"id": "OrdersTrigger",
			"ref": "github.com/TIBCOSoftware/flogo-contrib/trigger/kafkasub",
			"settings": {
				"BrokerUrl": "localhost:9092"
			},
			"outputs": null,
			"handlers": [
				{
					"actionId": "OrderSuccessHandler",
					"settings": {
						"Topic": "orders"
					},
					"outputs": null
				}
			],
			"endpoints": null
		}
	],
	"actions": [
		{
			"id": "OrderSuccessHandler",
			"ref": "github.com/TIBCOSoftware/flogo-contrib/action/flow",
			"data": {
				"flow": {
					"type": 1,
					"attributes": [],
					"rootTask": {
						"id": 1,
						"type": 1,
						"tasks": [
							{
								"id": 2,
								"name": "Log Message",
								"description": "Simple Log Activity",
								"type": 1,
								"activityType": "tibco-log",
								"activityRef": "github.com/TIBCOSoftware/flogo-contrib/activity/log",
								"attributes": [
									{
										"name": "message",
										"value": "${message}",
										"required": false,
										"type": "string"
									},
									{
										"name": "flowInfo",
										"value": "false",
										"required": false,
										"type": "boolean"
									},
									{
										"name": "addToFlow",
										"value": "false",
										"required": false,
										"type": "boolean"
									}
								]
							}
						],
						"links": [],
						"attributes": []
					}
				}
			}
		}
	]
}